sample_id,stage,cpu_shape,candidate_shape,cpu_dtype,candidate_dtype,status,abs_p50,abs_p90,abs_p95,abs_p99,abs_p999,abs_max,rel_p50,rel_p90,rel_p95,rel_p99,rel_p999,rel_max,abs_ev_p50,abs_ev_p90,abs_ev_p95,abs_ev_p99,abs_ev_p999,abs_ev_max,mae,rmse,max_signed_error,min_signed_error,luma_abs_p50,luma_abs_p90,luma_abs_p95,luma_abs_p99,luma_abs_p999,luma_abs_max,psnr,ssim,deltaE2000_mean,deltaE2000_p95,deltaE2000_max
IMG_4557,rgb_in,96x128x3,96x128x3,float64,float32,ok,2.0698884446723742e-10,1.8388938823055147e-09,3.6475604717200997e-09,1.06421932238865e-08,2.4410405149999773e-08,2.9668623668932526e-08,2.0586666765661976e-08,3.9934281954812343e-08,4.53278660098479e-08,5.3007013375454296e-08,5.752379086455664e-08,5.895392564052694e-08,2.9700254908950936e-08,5.761297138439741e-08,6.539411585151548e-08,7.647288888661014e-08,8.29892485670587e-08,8.505242584517746e-08,8.24383818109162e-10,2.1893161425951036e-09,2.9668623668932526e-08,-2.9601231577025544e-08,1.758948611763067e-10,1.5571138933800934e-09,2.8028865790841176e-09,7.128511927412207e-09,1.822193638190149e-08,2.532806453459102e-08,173.19383041441728,1.0000000000000004,2.374737102256353e-07,1.2121098748875207e-06,8.13460817327867e-06
IMG_4557,rgb_pre,96x128x3,96x128x3,float64,float32,ok,2.0698884446723742e-10,1.8388938823055147e-09,3.6475604717200997e-09,1.06421932238865e-08,2.4410405149999773e-08,2.9668623668932526e-08,2.0586666765661976e-08,3.9934281954812343e-08,4.53278660098479e-08,5.3007013375454296e-08,5.752379086455664e-08,5.895392564052694e-08,2.9700254908950936e-08,5.761297138439741e-08,6.539411585151548e-08,7.647288888661014e-08,8.29892485670587e-08,8.505242584517746e-08,8.24383818109162e-10,2.1893161425951036e-09,2.9668623668932526e-08,-2.9601231577025544e-08,1.758948611763067e-10,1.5571138933800934e-09,2.8028865790841176e-09,7.128511927412207e-09,1.822193638190149e-08,2.532806453459102e-08,173.19383041441728,1.0000000000000004,2.374737102256353e-07,1.2121098748875207e-06,8.13460817327867e-06
IMG_4557,log_e_film,96x128x3,96x128x3,float64,float32,ok,7.156165937605152e-08,1.8468598919074708e-07,2.2507183026210242e-07,3.108511776339641e-07,4.1499924305222626e-07,9.51094024426169e-07,6.791344974587384e-08,2.531833188978696e-07,4.866319503197198e-07,2.6038714199954237e-06,3.032727120631395e-05,0.004466988763318772,0.0,0.0,3.850384624596447e-08,1.915596605523064e-06,1.5877506468315807e-05,0.006421397253388741,8.783392285545509e-08,1.1276821327375548e-07,9.51094024426169e-07,-7.741869869626328e-07,4.019053390091898e-08,1.0050714853715453e-07,1.2053687905577704e-07,1.6486644316415777e-07,2.1496864002791335e-07,2.612826164316573e-07,153.2796946338202,0.9999999999998702,9.225093817143516e-07,6.2068084750013976e-06,8.682156848136763e-05
IMG_4557,cmy_film,96x128x3,96x128x3,float64,float32,ok,2.5076134779755677e-08,1.0702870982537416e-07,1.3910990372401065e-07,2.04319758592142e-07,2.936379882579336e-07,5.144515502486513e-07,2.441623656870858e-07,7.707759146673003e-07,9.7874607818791e-07,1.4364387241985574e-06,2.0901031963018896e-06,7.131988373476083e-06,3.5225167305303985e-07,1.1119939194614315e-06,1.4120321178356627e-06,2.0723423021986487e-06,3.0153819964197013e-06,1.0289148047814936e-05,4.2224556179878464e-08,6.282273079158825e-08,5.144515502486513e-07,-3.9827607239972806e-07,1.873186704359764e-08,6.911646132645726e-08,8.772302509951757e-08,1.2530430638757448e-07,1.624831425373069e-07,2.2376794972522873e-07,144.14371285249186,0.9999999999999027,1.0044998558387618e-05,2.777103101525919e-05,6.856996852877099e-05
IMG_4557,log_e_print,96x128x3,96x128x3,float64,float32,ok,3.274232241792796e-06,1.5169690554317501e-05,2.058668666335417e-05,2.181889504215828e-05,2.2132032742114173e-05,2.327779307836897e-05,6.667881469043055e-06,2.697197308652627e-05,3.590842230297482e-05,0.0001997604356846422,0.0028560086557240377,0.0374483892266251,7.952958441986918e-06,3.745134787704274e-05,4.0079048525994204e-05,0.0001415750641952956,0.0020254204931012343,0.029877113411949714,5.391739974211503e-06,7.976089845161179e-06,2.2413411130517424e-05,-2.327779307836897e-05,4.243667170167331e-06,1.3410808949232418e-05,1.5151618493813855e-05,1.5557969904600455e-05,1.5726262201058793e-05,1.708476029349537e-05,101.99682531237796,0.9999999986342744,0.001376391099651145,0.003660820778751527,0.005081334850601189
IMG_4557,cmy_print,96x128x3,96x128x3,float64,float32,ok,2.3172550709382733e-06,1.1051944818929474e-05,1.646499802098189e-05,2.37836314637119e-05,3.1740703573122476e-05,6.2222017457092e-05,1.1399745868407668e-06,9.546028309341282e-06,1.5928257929140818e-05,2.4208237967562504e-05,3.80401634239647e-05,5.3424981334791804e-05,1.6446347390241644e-06,1.377207328966553e-05,2.2979490390754776e-05,3.4925213521474666e-05,5.4881109085054275e-05,7.707389064035189e-05,3.873828416566919e-06,6.567058875317387e-06,3.580333024055804e-05,-6.2222017457092e-05,3.344101104918451e-06,1.0046010615438751e-05,1.3359652401956353e-05,1.9281747364690016e-05,2.6979667915224248e-05,4.365118520111011e-05,111.31330854947613,0.9999999993045064,0.00014279957559071372,0.0011063784701511629,0.007244020723365148
IMG_4557,rgb_out,96x128x3,96x128x3,float64,float32,ok,2.5880841602737847e-06,8.640674037144191e-06,9.517695314922854e-06,2.5403698300785482e-05,6.239346230845188e-05,8.136350757714794e-05,2.9500064328054736e-05,0.00011857790593607454,0.00012395469363709892,0.0001289533678053577,0.00022893770984928327,0.0010395133419507493,4.255959299510864e-05,0.00017106159042119034,0.00017881771374062675,0.00018602836330221047,0.0003303250976708902,0.001500479966996516,3.977346871665711e-06,6.613156447987857e-06,8.136350757714794e-05,-6.3071600630904e-05,4.1848854560530557e-07,3.9980821397202215e-06,6.141559060068857e-06,1.077938628096352e-05,1.9412206459160592e-05,2.661984167662279e-05,103.59182406068177,0.9999999970238876,0.0013277099524974401,0.00273717205023482,0.020652560101072758
IMG_4557,materialized_rgb_out,96x128x3,96x128x3,float64,float32,ok,2.5880841602737847e-06,8.640674037144191e-06,9.517695314922854e-06,2.5403698300785482e-05,6.239346230845188e-05,8.136350757714794e-05,2.9500064328054736e-05,0.00011857790593607454,0.00012395469363709892,0.0001289533678053577,0.00022893770984928327,0.0010395133419507493,4.255959299510864e-05,0.00017106159042119034,0.00017881771374062675,0.00018602836330221047,0.0003303250976708902,0.001500479966996516,3.977346871665711e-06,6.613156447987857e-06,8.136350757714794e-05,-6.3071600630904e-05,4.1848854560530557e-07,3.9980821397202215e-06,6.141559060068857e-06,1.077938628096352e-05,1.9412206459160592e-05,2.661984167662279e-05,103.59182406068177,0.9999999970238876,0.0013277099524974401,0.00273717205023482,0.020652560101072758
IMG_4557,export_png16_roundtrip,96x128x3,96x128x3,float32,float32,ok,0.0,1.52587890625e-05,1.52587890625e-05,3.0517578125e-05,6.103515625e-05,9.1552734375e-05,0.0,0.00021833728270083218,0.000219535626408678,0.0003865975205607725,0.000398083097708505,0.0008676657250008049,0.0,0.000314959687456105,0.0003166881530606903,0.0005578500230667116,0.0005744267034330099,0.0012523200587491227,3.981993965377721e-06,8.656484280313506e-06,9.1552734375e-05,-6.10649585723877e-05,3.2440185546711575e-06,1.0913085937494515e-05,1.0913085937508393e-05,1.4157104492207306e-05,2.1826171875000856e-05,3.067626953134894e-05,101.25316910578377,0.9999999883489793,0.0015096160014229263,0.004025768144720986,0.019047567272510564
IMG_0342_converted,rgb_in,96x128x3,96x128x3,float64,float32,ok,6.209080125052502e-10,1.8477308502684586e-09,3.113255554049176e-09,7.391832814174229e-09,2.5511670034284024e-08,2.9604314999431836e-08,2.0923433285244063e-08,4.072586339007676e-08,4.595688554453548e-08,5.302321407888772e-08,5.7729212495228634e-08,5.923622463701648e-08,3.0186125154636525e-08,5.875498602133526e-08,6.630173463339486e-08,7.649630675309228e-08,8.32855991415529e-08,8.545975553297077e-08,1.036095207628794e-09,2.107126199521551e-09,2.9558226977144386e-08,-2.9604314999431836e-08,4.615506726812768e-10,1.4901088085661502e-09,2.211635889010077e-09,5.6413936450061415e-09,1.985234677248798e-08,2.6333223268615313e-08,173.5261890589388,0.9999999999999977,3.0506244157181216e-07,1.0779361857466457e-06,8.898051714012977e-06
IMG_0342_converted,rgb_pre,96x128x3,96x128x3,float64,float32,ok,6.209080125052502e-10,1.8477308502684586e-09,3.113255554049176e-09,7.391832814174229e-09,2.5511670034284024e-08,2.9604314999431836e-08,2.0923433285244063e-08,4.072586339007676e-08,4.595688554453548e-08,5.302321407888772e-08,5.7729212495228634e-08,5.923622463701648e-08,3.0186125154636525e-08,5.875498602133526e-08,6.630173463339486e-08,7.649630675309228e-08,8.32855991415529e-08,8.545975553297077e-08,1.036095207628794e-09,2.107126199521551e-09,2.9558226977144386e-08,-2.9604314999431836e-08,4.615506726812768e-10,1.4901088085661502e-09,2.211635889010077e-09,5.6413936450061415e-09,1.985234677248798e-08,2.6333223268615313e-08,173.5261890589388,0.9999999999999977,3.0506244157181216e-07,1.0779361857466457e-06,8.898051714012977e-06
IMG_0342_converted,log_e_film,96x128x3,96x128x3,float64,float32,ok,6.465158514101788e-08,1.7201470492445026e-07,2.1247007561120408e-07,3.03694646008879e-07,4.1714904237833517e-07,6.792611648709368e-07,8.79288716676281e-08,2.841408933417788e-07,4.074839332875065e-07,1.2796161279957986e-06,1.4356297175565771e-05,0.0001336712730989115,0.0,0.0,0.0,4.675821486250485e-07,9.382915904119179e-06,0.00014161456521422943,8.105664441113394e-08,1.0552960694458876e-07,6.792611648709368e-07,-6.100012017729028e-07,3.550712894540009e-08,8.949216323550503e-08,1.0831127714855393e-07,1.4724602836579948e-07,2.0744849467546723e-07,2.405800614280196e-07,157.0948089765262,0.9999999999999738,5.089521684678895e-07,0.0,8.652748449627632e-05
IMG_0342_converted,cmy_film,96x128x3,96x128x3,float64,float32,ok,5.020541293809799e-08,1.4532107551756827e-07,1.7763201835552238e-07,2.413363540121338e-07,3.2438653440742124e-07,3.9326887832369373e-07,1.773293453298354e-07,5.466266367725029e-07,7.208595373351099e-07,1.2560276935554365e-06,2.087033530010022e-06,3.0718671156853572e-06,2.5583218369241345e-07,7.886153005495124e-07,1.0399799761942443e-06,1.8120640565495844e-06,3.010953104464722e-06,4.43177292305792e-06,6.498364812619764e-08,8.623124870610814e-08,3.9326887832369373e-07,-3.31719470669789e-07,2.9431341391772392e-08,8.287818097363344e-08,1.0181401886577568e-07,1.3891578936803248e-07,1.8737410933944432e-07,2.0342452067279027e-07,141.34193980684574,0.9999999999983702,1.9607602089492596e-05,4.650217522427173e-05,9.178728922235881e-05
IMG_0342_converted,log_e_print,96x128x3,96x128x3,float64,float32,ok,2.9345600586622167e-06,7.052587247147191e-06,1.1580698817642564e-05,2.078435018085024e-05,2.1682052124605278e-05,2.2581834577373172e-05,7.145675911729414e-06,2.2768422425544268e-05,2.7363767080396993e-05,7.668845256552692e-05,0.0007431404217576952,0.017839407388510052,9.56965637019549e-06,3.1111901888285206e-05,3.8437460855930544e-05,7.225197511687196e-05,0.0008207783933016003,0.025508917557161965,3.7729951234038436e-06,5.491390126072719e-06,2.2581834577373172e-05,-1.659712443724537e-05,2.7548701372615003e-06,6.193213061900238e-06,1.2863853131922487e-05,1.5130962315645924e-05,1.526665500696401e-05,1.5681963821623235e-05,105.24406894713594,0.9999999986423683,0.0012517929677261558,0.002188524409937018,0.003165780943536672
IMG_0342_converted,cmy_print,96x128x3,96x128x3,float64,float32,ok,3.5654840211396532e-06,1.7095439382130992e-05,2.026751245542968e-05,2.802167000783397e-05,3.51229816533625e-05,4.275373764039969e-05,2.040886994958734e-06,1.096703836240605e-05,1.5921448619014064e-05,2.2246770320653612e-05,3.7578485777011497e-05,5.9400461356695096e-05,2.944374527018374e-06,1.5822178511179222e-05,2.2969977584620818e-05,3.209494770589605e-05,5.421502234051962e-05,8.569929352658672e-05,6.450494684927695e-06,9.543571183249734e-06,3.5708101339348985e-05,-4.275373764039969e-05,3.6095441321992716e-06,8.969988032792031e-06,1.098975954750836e-05,1.4885835936864186e-05,1.8992342314687037e-05,2.3084467648093465e-05,113.46065745284926,0.9999999997301704,0.00011494162256749252,0.0011037233939652186,0.003907101230054723
IMG_0342_converted,rgb_out,96x128x3,96x128x3,float64,float32,ok,2.8516463989186613e-06,7.941404737962787e-06,9.540630794044323e-06,1.6830901088696907e-05,3.78711261609185e-05,8.034686498048504e-05,2.5602370802200105e-05,7.562265619589211e-05,0.00011249906178186163,0.00013690123655679223,0.00021182056385168397,0.001042691067019816,3.693593866078729e-05,0.00010910452899440838,0.0001622926865001686,0.00019749318855164478,0.0003055600696496163,0.0015050695233324338,3.6553824952677703e-06,5.255191116912238e-06,5.681407048829801e-05,-8.034686498048504e-05,1.1506194032562256e-06,3.4916383118283045e-06,4.507385903844418e-06,9.106891713884235e-06,1.3901465712996544e-05,2.1422370093282517e-05,105.58822970494654,0.9999999954035608,0.001358671327351741,0.0027115291735656357,0.013754351486434752
IMG_0342_converted,materialized_rgb_out,96x128x3,96x128x3,float64,float32,ok,2.8516463989186613e-06,7.941404737962787e-06,9.540630794044323e-06,1.6830901088696907e-05,3.78711261609185e-05,8.034686498048504e-05,2.5602370802200105e-05,7.562265619589211e-05,0.00011249906178186163,0.00013690123655679223,0.00021182056385168397,0.001042691067019816,3.693593866078729e-05,0.00010910452899440838,0.0001622926865001686,0.00019749318855164478,0.0003055600696496163,0.0015050695233324338,3.6553824952677703e-06,5.255191116912238e-06,5.681407048829801e-05,-8.034686498048504e-05,1.1506194032562256e-06,3.4916383118283045e-06,4.507385903844418e-06,9.106891713884235e-06,1.3901465712996544e-05,2.1422370093282517e-05,105.58822970494654,0.9999999954035608,0.001358671327351741,0.0027115291735656357,0.013754351486434752
IMG_0342_converted,export_png16_roundtrip,96x128x3,96x128x3,float32,float32,ok,0.0,1.52587890625e-05,1.52587890625e-05,1.5266239643096924e-05,4.57763671875e-05,7.62939453125e-05,0.0,0.0001587277351993556,0.0001980834613980566,0.00031519111490154047,0.00039858084764029606,0.001538500638887477,0.0,0.00022901386850789936,0.00028574569053274796,0.00045470596832647555,0.0005751450905748528,0.002221295666487162,3.6392597293241934e-06,7.729064556349294e-06,6.103515625e-05,-7.62939453125e-05,1.1016845703135103e-06,1.0913085937480638e-05,1.0913085937508393e-05,1.415710449217955e-05,1.7401123046933975e-05,2.5070190429687944e-05,102.23746130559007,0.9999999797113901,0.0016715213317453435,0.0046205941890492845,0.013629435758230248
IMG20260603204611.,rgb_in,128x96x3,128x96x3,float64,float32,ok,7.26044903018308e-10,7.015797098830492e-09,1.2339493804525125e-08,2.6037707421267033e-08,3.6377235224094306e-08,5.952475179427097e-08,2.0877853290643007e-08,4.047189631861634e-08,4.5526704919570334e-08,5.3007785477495926e-08,5.761957282050714e-08,5.919232708698658e-08,3.01203750645285e-08,5.838849180079776e-08,6.568113543728644e-08,7.647403458733364e-08,8.31274240042422e-08,8.539647351102056e-08,2.6043530346171068e-09,5.533433950807931e-09,5.952475179427097e-08,-5.9264982255058385e-08,5.375324768630563e-10,5.601842892333234e-09,9.95739541098661e-09,1.9409877038967165e-08,2.6554757412867053e-08,4.423206034775973e-08,165.83438413596753,0.9999999999999979,7.11552239186355e-07,2.859830682413761e-06,1.0536989023978323e-05
IMG20260603204611.,rgb_pre,128x96x3,128x96x3,float64,float32,ok,7.26044903018308e-10,7.015797098830492e-09,1.2339493804525125e-08,2.6037707421267033e-08,3.6377235224094306e-08,5.952475179427097e-08,2.0877853290643007e-08,4.047189631861634e-08,4.5526704919570334e-08,5.3007785477495926e-08,5.761957282050714e-08,5.919232708698658e-08,3.01203750645285e-08,5.838849180079776e-08,6.568113543728644e-08,7.647403458733364e-08,8.31274240042422e-08,8.539647351102056e-08,2.6043530346171068e-09,5.533433950807931e-09,5.952475179427097e-08,-5.9264982255058385e-08,5.375324768630563e-10,5.601842892333234e-09,9.95739541098661e-09,1.9409877038967165e-08,2.6554757412867053e-08,4.423206034775973e-08,165.83438413596753,0.9999999999999979,7.11552239186355e-07,2.859830682413761e-06,1.0536989023978323e-05
IMG20260603204611.,log_e_film,128x96x3,128x96x3,float64,float32,ok,6.585946543680166e-08,1.6774535579466849e-07,2.0400227238315245e-07,2.807177050356826e-07,3.7187253607596456e-07,5.524180002325352e-07,1.0242775267408278e-07,5.980521829550275e-07,1.2410030366154993e-06,5.613244554673955e-06,6.19176877709617e-05,0.004405777116126293,0.0,3.275091135314703e-07,7.834111911468948e-07,4.243189310092329e-06,3.0034497525649227e-05,0.006338643909260903,8.03961580630076e-08,1.0246929618018652e-07,4.211436746004438e-07,-5.524180002325352e-07,3.879240967341602e-08,9.311305561032769e-08,1.1198449720861693e-07,1.5223950698028952e-07,2.1490360692100293e-07,2.54816427069926e-07,147.12593300947046,0.9999999999997268,3.896880277446173e-06,2.2880319263153974e-05,7.006894372986298e-05
IMG20260603204611.,cmy_film,128x96x3,128x96x3,float64,float32,ok,4.7017937369886464e-08,1.4265951530090255e-07,1.7561175986724463e-07,2.437788249742845e-07,3.267066909343756e-07,4.1639561820794313e-07,1.500365066569769e-07,5.450362468855909e-07,7.204308914502718e-07,1.1623605312891152e-06,1.8958653119568088e-06,3.5470130304396462e-06,2.1645692083034147e-07,7.863209531973809e-07,1.0393621646748914e-06,1.6769323070107706e-06,2.735155712765649e-06,5.117204608500228e-06,6.251643475348094e-08,8.426385940581245e-08,4.1639561820794313e-07,-3.806421459140452e-07,3.044816351827073e-08,8.9524994884016e-08,1.0919374677370586e-07,1.4597190868270714e-07,1.905929731960192e-07,2.1908596459230267e-07,141.8655687102871,0.9999999999990887,1.743779358928875e-05,4.1947725961192646e-05,9.05544359542865e-05
IMG20260603204611.,log_e_print,128x96x3,128x96x3,float64,float32,ok,2.9037980212240355e-06,7.108798529335134e-06,1.366577235083488e-05,2.0797468264801562e-05,2.195523943405721e-05,2.256517181842277e-05,7.679377604902704e-06,4.511213189045373e-05,9.945958345705968e-05,0.0004471463449628819,0.0034167565883890774,34.43665403208694,4.347744318704511e-06,3.899322364922487e-05,7.037041614435818e-05,0.0004381196397252799,0.002242976638160304,0.01722594349388413,3.826805978796073e-06,5.660810441584861e-06,2.256517181842277e-05,-1.1780447810028072e-05,3.1308363377044457e-06,6.106721446474955e-06,1.4193200570317141e-05,1.524031063150355e-05,1.5536416981639113e-05,1.5754580091953407e-05,105.43223026708108,0.999999998074887,0.0009111551248550956,0.0018766844537258499,0.0032728826972367414
IMG20260603204611.,cmy_print,128x96x3,128x96x3,float64,float32,ok,2.60409325747446e-06,1.4953569849018859e-05,1.91411665862784e-05,2.6199719699280255e-05,3.110401389225635e-05,3.4011700611458195e-05,1.8933267402849694e-06,2.2699798127578138e-05,2.850814457894749e-05,4.572372826328825e-05,5.529071373451309e-05,7.020390551089739e-05,2.7314905006848836e-06,3.274888552349999e-05,4.1128145656801795e-05,6.596387462220897e-05,7.976542414935966e-05,0.00010127925084656691,5.197184823076233e-06,8.141908925589159e-06,3.4011700611458195e-05,-2.9386242972107013e-05,3.4927337313195306e-06,1.0461870370281903e-05,1.2254796226712772e-05,1.564141412515152e-05,1.9254560975479033e-05,2.0525502964385822e-05,106.64509400764261,0.9999999988384253,0.00041737482433242055,0.0017881125325957777,0.003796165227823786
IMG20260603204611.,rgb_out,128x96x3,128x96x3,float64,float32,ok,3.5140394217259008e-06,1.3225339130662488e-05,2.1339155753335993e-05,6.889928453064799e-05,8.722786654736843e-05,9.067273280405352e-05,2.4121531796997072e-05,9.382202749408762e-05,0.00012365761471931028,0.00014146602720326512,0.00015552270691689422,0.00037559204158193555,3.4799594163386647e-05,0.00013535910875240936,0.00017838917251769562,0.000204077871824136,0.00022435436454966453,0.0005419663620396713,6.839038863027942e-06,1.3002744598663604e-05,9.067273280405352e-05,-7.567650852402519e-05,1.514341434603883e-06,9.32227886282222e-06,1.281783565556804e-05,2.8614831231489325e-05,3.286643341363723e-05,3.468980017040657e-05,97.71929935656041,0.9999999826639009,0.0022478281343795183,0.006220053074786405,0.02341498201175463
IMG20260603204611.,materialized_rgb_out,128x96x3,128x96x3,float64,float32,ok,3.5140394217259008e-06,1.3225339130662488e-05,2.1339155753335993e-05,6.889928453064799e-05,8.722786654736843e-05,9.067273280405352e-05,2.4121531796997072e-05,9.382202749408762e-05,0.00012365761471931028,0.00014146602720326512,0.00015552270691689422,0.00037559204158193555,3.4799594163386647e-05,0.00013535910875240936,0.00017838917251769562,0.000204077871824136,0.00022435436454966453,0.0005419663620396713,6.839038863027942e-06,1.3002744598663604e-05,9.067273280405352e-05,-7.567650852402519e-05,1.514341434603883e-06,9.32227886282222e-06,1.281783565556804e-05,2.8614831231489325e-05,3.286643341363723e-05,3.468980017040657e-05,97.71929935656041,0.9999999826639009,0.0022478281343795183,0.006220053074786405,0.02341498201175463
IMG20260603204611.,export_png16_roundtrip,128x96x3,128x96x3,float32,float32,ok,0.0,1.52587890625e-05,1.5266239643096924e-05,7.62939453125e-05,9.1552734375e-05,9.161233901977539e-05,0.0,0.00016693400386333406,0.00021809918678182617,0.00035510821784224595,0.0003991954885452044,0.0005608439331946696,0.0,0.00024084287894095906,0.0003146162626944154,0.0005124037303846683,0.0005760321833453119,0.0008093534453565734,6.839729899689297e-06,1.4281426616217055e-05,9.161233901977539e-05,-7.635354995727539e-05,3.2440185546850353e-06,1.091308593759166e-05,1.4157104492262818e-05,2.743225097645574e-05,3.834533691401554e-05,3.834533691415842e-05,96.90456814726922,0.9999999679824579,0.0024912585141027774,0.0070372763790127425,0.025077372396342754
IMG_9333,rgb_in,95x126x3,95x126x3,float64,float32,ok,1.5798960967608466e-10,8.624428969594701e-10,2.3511522916075335e-09,9.168474272014366e-09,2.2466034896528912e-08,3.6377235224094306e-08,2.0622720463230317e-08,3.986270849586011e-08,4.494332573944921e-08,5.2968074659454125e-08,5.732343516205839e-08,5.934059139699639e-08,2.9640301661965757e-08,5.747182494260119e-08,6.482445483464258e-08,7.638679397149541e-08,8.270012072592989e-08,8.561034706544575e-08,5.662142740613938e-10,1.8420455202001191e-09,3.6377235224094306e-08,-2.978684010557231e-08,1.2214983191594087e-10,6.816455407065994e-10,1.800202471813338e-09,6.728366419572747e-09,1.700330441600822e-08,2.5128956582243234e-08,174.79572871764773,0.9999999999999992,1.7188375750684794e-07,9.075876067048588e-07,8.230741180355421e-06
IMG_9333,rgb_pre,95x126x3,95x126x3,float64,float32,ok,1.5798960967608466e-10,8.624428969594701e-10,2.3511522916075335e-09,9.168474272014366e-09,2.2466034896528912e-08,3.6377235224094306e-08,2.0622720463230317e-08,3.986270849586011e-08,4.494332573944921e-08,5.2968074659454125e-08,5.732343516205839e-08,5.934059139699639e-08,2.9640301661965757e-08,5.747182494260119e-08,6.482445483464258e-08,7.638679397149541e-08,8.270012072592989e-08,8.561034706544575e-08,5.662142740613938e-10,1.8420455202001191e-09,3.6377235224094306e-08,-2.978684010557231e-08,1.2214983191594087e-10,6.816455407065994e-10,1.800202471813338e-09,6.728366419572747e-09,1.700330441600822e-08,2.5128956582243234e-08,174.79572871764773,0.9999999999999992,1.7188375750684794e-07,9.075876067048588e-07,8.230741180355421e-06
IMG_9333,log_e_film,95x126x3,95x126x3,float64,float32,ok,7.383679134775889e-08,1.873369795069025e-07,2.2823847429798143e-07,3.180620500065068e-07,4.499467427048232e-07,8.950749044167594e-07,5.907242549857886e-08,1.7924964683085587e-07,2.8252215768634927e-07,1.5031357696465344e-06,1.4349122486711216e-05,0.0001953915123342188,0.0,0.0,0.0,1.0152608923845943e-06,1.0742131013486345e-05,0.0002176980823108442,8.987422747276553e-08,1.1536874028934936e-07,8.875285035792047e-07,-8.950749044167594e-07,4.4252693398583176e-08,1.077484366174275e-07,1.3074313368610646e-07,1.7528927238608078e-07,2.3666220010687458e-07,4.1180292775777616e-07,154.31012236844086,0.9999999999999711,9.509880591441075e-07,0.0,8.021562485870272e-05
IMG_9333,cmy_film,95x126x3,95x126x3,float64,float32,ok,1.9229282239435763e-08,8.555536597232294e-08,1.1596356363774427e-07,1.8192147397622085e-07,2.585151385335883e-07,4.2099193153788406e-07,2.776612058448356e-07,8.122051635983398e-07,1.0266206996578622e-06,1.5439155566921007e-06,2.9557649395884263e-06,3.434902479891466e-05,4.005791773849678e-07,1.171763564346266e-06,1.4811006840978779e-06,2.2273987905506473e-06,4.264201096877813e-06,4.9384311873283614e-05,3.358070827590527e-08,5.195257769954697e-08,4.2099193153788406e-07,-3.5564991368586263e-07,1.3895732797059024e-08,5.437875885833112e-08,7.17326406662888e-08,1.1105366000907499e-07,1.5365608715700614e-07,2.1571927105723532e-07,145.75410938737593,0.9999999999994892,1.0000075080611356e-05,3.0238537158156633e-05,0.00010265443959739617
IMG_9333,log_e_print,95x126x3,95x126x3,float64,float32,ok,3.6105877085912397e-06,1.718416384526301e-05,2.0419229561102744e-05,2.15913551610758e-05,2.190068463435513e-05,2.2467145642024455e-05,6.148507791317617e-06,2.4859220931824363e-05,2.7149243499764318e-05,9.738046397890192e-05,0.0008125014920653109,0.0065172469514013865,7.698604984775086e-06,3.389310486440743e-05,3.8623301016347725e-05,7.116953118164649e-05,0.0007533239007253051,0.009433055906001953,5.854679456148022e-06,8.558295607205631e-06,2.2467145642024455e-05,-1.7115211392415564e-05,4.293451572767726e-06,1.4588710718865806e-05,1.5216169424553393e-05,1.562037548552331e-05,1.586715410801465e-05,1.659884365845521e-05,101.38354306761866,0.999999994996391,0.001409203643004,0.002476831655832407,0.005026601969690379
IMG_9333,cmy_print,95x126x3,95x126x3,float64,float32,ok,1.988344143777354e-06,5.336634852182167e-06,9.899461180104526e-06,1.9998502874634014e-05,2.8884823775886084e-05,3.972120841155835e-05,9.96802883049191e-07,3.4171495089793957e-06,9.767191864601894e-06,2.4166603491792084e-05,3.633957363308005e-05,5.157565901514857e-05,1.4380818527579673e-06,4.929896200609771e-06,1.4091072195351583e-05,3.486545955255526e-05,5.242613907285472e-05,7.440601920693732e-05,2.752682214063462e-06,4.683593693465134e-06,3.972120841155835e-05,-3.719984140038157e-05,2.866853696881222e-06,5.014116905743826e-06,7.451746341405324e-06,1.3262109143951089e-05,1.7733119852713797e-05,2.2483693958408324e-05,114.04469170152359,0.9999999998921497,0.00010352439411199835,0.0009790239853597214,0.0035317264445329675
IMG_9333,rgb_out,95x126x3,95x126x3,float64,float32,ok,2.539942136031703e-06,8.693247731078603e-06,9.003447162693467e-06,1.768528186149582e-05,4.281648923135251e-05,6.775319770513377e-05,3.844764277427778e-05,0.00012165805277560267,0.00012580456348918918,0.0001312693404888988,0.0001525544753610892,0.0002229614458326434,5.5469280575832594e-05,0.0001755047688335609,0.00018148617820114068,0.0001893691705305642,0.0002200727714169246,0.0003216294712273952,3.727521543079227e-06,5.632508525742896e-06,6.775319770513377e-05,-4.964436559551366e-05,2.585696428809847e-07,3.037256785524967e-06,3.8858873866672715e-06,8.925103746925103e-06,1.4201412466124349e-05,1.541305813618221e-05,104.98596284452722,0.9999999962067779,0.0013054347883406303,0.002339406890158148,0.016562012015213297
IMG_9333,materialized_rgb_out,95x126x3,95x126x3,float64,float32,ok,2.539942136031703e-06,8.693247731078603e-06,9.003447162693467e-06,1.768528186149582e-05,4.281648923135251e-05,6.775319770513377e-05,3.844764277427778e-05,0.00012165805277560267,0.00012580456348918918,0.0001312693404888988,0.0001525544753610892,0.0002229614458326434,5.5469280575832594e-05,0.0001755047688335609,0.00018148617820114068,0.0001893691705305642,0.0002200727714169246,0.0003216294712273952,3.727521543079227e-06,5.632508525742896e-06,6.775319770513377e-05,-4.964436559551366e-05,2.585696428809847e-07,3.037256785524967e-06,3.8858873866672715e-06,8.925103746925103e-06,1.4201412466124349e-05,1.541305813618221e-05,104.98596284452722,0.9999999962067779,0.0013054347883406303,0.002339406890158148,0.016562012015213297
IMG_9333,export_png16_roundtrip,95x126x3,95x126x3,float32,float32,ok,0.0,1.52587890625e-05,1.52587890625e-05,1.5266239643096924e-05,4.57763671875e-05,7.62939453125e-05,0.0,0.00021871931935573064,0.00021972857941396414,0.0003916900507667027,0.0004004744683838313,0.0004007954851014846,0.0,0.00031551072926753684,0.0003169664641981776,0.0005651998475269955,0.0005778780983100692,0.0005783414129133554,3.7308330034286786e-06,7.89451391012153e-06,7.62939453125e-05,-4.57763671875e-05,3.2440185546850353e-06,9.732055664074535e-06,1.0913085937501454e-05,1.3055419921820799e-05,1.7401123046824674e-05,2.5070190429743455e-05,102.05349211400298,0.9999999707673825,0.0014549098363969665,0.003752996206400909,0.01915216830665202
IMG_2972,rgb_in,126x95x3,126x95x3,float64,float32,ok,5.275866618581482e-10,1.1793359588896381e-08,1.6983891265587303e-08,2.7086335004922157e-08,2.9578964241827604e-08,2.979248747703167e-08,2.1044535431074365e-08,4.04667854782282e-08,4.5338756348562516e-08,5.3138290941345495e-08,5.724853267359602e-08,5.955965093935863e-08,3.0360834674081296e-08,5.8381205579038904e-08,6.540998014468529e-08,7.666211877176999e-08,8.259128366136815e-08,8.592641215389125e-08,3.3972578715953726e-09,6.845240709597664e-09,2.978504343165156e-08,-2.979248747703167e-08,4.205912944310608e-10,8.489143599188511e-09,1.2698999346527624e-08,2.100981185804151e-08,2.5951165807059118e-08,2.830096990091846e-08,163.29222551009738,0.999999999999987,1.0230683033466627e-06,4.795490044952363e-06,1.2176591231402376e-05
IMG_2972,rgb_pre,126x95x3,126x95x3,float64,float32,ok,5.275866618581482e-10,1.1793359588896381e-08,1.6983891265587303e-08,2.7086335004922157e-08,2.9578964241827604e-08,2.979248747703167e-08,2.1044535431074365e-08,4.04667854782282e-08,4.5338756348562516e-08,5.3138290941345495e-08,5.724853267359602e-08,5.955965093935863e-08,3.0360834674081296e-08,5.8381205579038904e-08,6.540998014468529e-08,7.666211877176999e-08,8.259128366136815e-08,8.592641215389125e-08,3.3972578715953726e-09,6.845240709597664e-09,2.978504343165156e-08,-2.979248747703167e-08,4.205912944310608e-10,8.489143599188511e-09,1.2698999346527624e-08,2.100981185804151e-08,2.5951165807059118e-08,2.830096990091846e-08,163.29222551009738,0.999999999999987,1.0230683033466627e-06,4.795490044952363e-06,1.2176591231402376e-05
IMG_2972,log_e_film,126x95x3,126x95x3,float64,float32,ok,6.879253629243909e-08,1.7704397371476334e-07,2.170985818006342e-07,3.057234759092084e-07,4.1444330216133814e-07,5.551389531399664e-07,8.781969634516093e-08,4.3021701849723055e-07,8.124967106949104e-07,3.906567887423152e-06,3.6234645586606024e-05,0.0021002888082049614,0.0,4.363481644833425e-07,7.617709172100148e-07,3.0945913730181336e-06,2.4922883811914916e-05,0.003026309359059686,8.444216547919454e-08,1.0863475570315771e-07,5.067998558594411e-07,-5.551389531399664e-07,4.1040941839431966e-08,1.0193638845107378e-07,1.2079321302094212e-07,1.6376800492490238e-07,2.193735553479577e-07,2.60436882726367e-07,145.52491344322215,0.9999999999992454,7.353324499703428e-06,3.743379783238278e-05,9.282010937759274e-05
IMG_2972,cmy_film,126x95x3,126x95x3,float64,float32,ok,3.889049718375226e-08,1.412455060023632e-07,1.7661397750390323e-07,2.534093882322616e-07,3.512524374527094e-07,5.398029945258287e-07,1.5997124780001478e-07,6.70335023042877e-07,8.985043746625094e-07,1.4431449378364514e-06,2.1441443575289194e-06,1.7806433792687442e-05,2.307883087768086e-07,9.670878409499974e-07,1.29626691396228e-06,2.0820146869013217e-06,3.093332088863061e-06,2.56857043058068e-05,5.7641129060607945e-08,8.259871678297186e-08,5.398029945258287e-07,-4.107487947546673e-07,2.682438589307612e-08,9.390702511713479e-08,1.1721328897484883e-07,1.6122941211449406e-07,2.220280813254329e-07,2.9319469008193266e-07,142.97020009045002,0.9999999999989274,1.2790383314797676e-05,3.600066609576008e-05,9.018337346495972e-05
IMG_2972,log_e_print,126x95x3,126x95x3,float64,float32,ok,3.297404421759298e-06,1.4946069152210751e-05,1.9894493233379994e-05,2.131456815867905e-05,2.1744365694693515e-05,2.2900229994959886e-05,8.540902736766185e-06,3.0125110954504425e-05,5.791279477538971e-05,0.00026295561768106997,0.004257475543744809,0.2349964499347695,2.350075698830449e-06,3.528116630457723e-05,3.881285774062876e-05,0.00021854830415466244,0.0036753119394900982,0.30436366537888443,5.008424118550915e-06,7.59123631486944e-06,2.2900229994959886e-05,-1.7167084403579835e-05,3.2677075861575755e-06,1.5063621593114362e-05,1.5406535131334828e-05,1.6337518082367716e-05,1.771299475076944e-05,1.9112576477131604e-05,102.75087331716507,0.999999998200885,0.0008387612752834186,0.001876235931465489,0.003806499807914962
IMG_2972,cmy_print,126x95x3,126x95x3,float64,float32,ok,2.750102235937746e-06,1.0184659215006778e-05,1.5476937308156457e-05,2.5161041591010765e-05,3.4661725409386835e-05,3.7185890351398854e-05,1.9382935743897532e-06,2.510707524635585e-05,3.195144637843326e-05,4.1430632173741044e-05,4.479781205995458e-05,5.2550971249050264e-05,2.796366394393825e-06,3.622221632155088e-05,4.6096927138398336e-05,5.977052601199026e-05,6.462839401676322e-05,7.581302788091219e-05,4.130292205919259e-06,6.669739839147617e-06,3.6089164483055214e-05,-3.7185890351398854e-05,3.2344314141452557e-06,7.91183982803423e-06,1.123211862382733e-05,1.604531385643867e-05,2.0295907664145357e-05,2.3165935654434477e-05,108.55162089777463,0.999999999146258,0.0004646424787828685,0.001818220696111271,0.007065887388107939
IMG_2972,rgb_out,126x95x3,126x95x3,float64,float32,ok,3.2981367017737018e-06,1.3805458997395719e-05,2.4420444679995564e-05,4.170841343021912e-05,6.993192478465732e-05,0.00010689376567496467,2.281715238616654e-05,0.00010471437263782667,0.00012060930093813259,0.0001565391702065716,0.0010333794356836676,0.002423023534993218,3.291856418110511e-05,0.00015106297612636418,0.0001739919230185746,0.0002258205813054757,0.0014902231745521162,0.0034914534947483654,6.300581950701747e-06,1.046612277708952e-05,9.474134997411454e-05,-0.00010689376567496467,1.4644707408972835e-06,1.0305809150423785e-05,1.2625951635419904e-05,1.5349159043218646e-05,2.719605594556145e-05,3.737354758137634e-05,99.6042834979853,0.999999986436137,0.0017604480276608328,0.004515370634119567,0.019646294320114208
IMG_2972,materialized_rgb_out,126x95x3,126x95x3,float64,float32,ok,3.2981367017737018e-06,1.3805458997395719e-05,2.4420444679995564e-05,4.170841343021912e-05,6.993192478465732e-05,0.00010689376567496467,2.281715238616654e-05,0.00010471437263782667,0.00012060930093813259,0.0001565391702065716,0.0010333794356836676,0.002423023534993218,3.291856418110511e-05,0.00015106297612636418,0.0001739919230185746,0.0002258205813054757,0.0014902231745521162,0.0034914534947483654,6.300581950701747e-06,1.046612277708952e-05,9.474134997411454e-05,-0.00010689376567496467,1.4644707408972835e-06,1.0305809150423785e-05,1.2625951635419904e-05,1.5349159043218646e-05,2.719605594556145e-05,3.737354758137634e-05,99.6042834979853,0.999999986436137,0.0017604480276608328,0.004515370634119567,0.019646294320114208
IMG_2972,export_png16_roundtrip,126x95x3,126x95x3,float32,float32,ok,0.0,1.52587890625e-05,3.0517578125e-05,4.57763671875e-05,6.242370605469283e-05,0.00010682642459869385,0.0,0.00019069121468441534,0.000219535626408678,0.00039745022484174525,0.0013507606986580016,0.0035587729688772167,0.0,0.0002750830082659435,0.0003166881530606903,0.0005735132980405048,0.0019476627792926098,0.005143369598806909,6.326263100303039e-06,1.1986248994364286e-05,9.1552734375e-05,-0.00010682642459869385,3.2440185546850353e-06,1.201477050771782e-05,1.5310668945252247e-05,2.0645141601605133e-05,2.6431130981527174e-05,4.158935546882958e-05,98.42633409602237,0.9999999659814104,0.002008376203114767,0.005088635034025185,0.020490742266976197
IDG_20260410_140916_153_converted,rgb_in,95x126x3,95x126x3,float64,float32,ok,3.880682919107925e-10,8.187323102815122e-09,1.4495630443200898e-08,2.6403233949201502e-08,2.956682595234295e-08,2.9798300826833213e-08,2.0707172761643314e-08,4.074438758593477e-08,4.6134873283465166e-08,5.339254341565047e-08,5.762768239481508e-08,5.9487917096471375e-08,2.9868183385716585e-08,5.877485287084607e-08,6.655515708324628e-08,7.702910798297011e-08,8.313914487228576e-08,8.582287067592911e-08,2.2894641031650157e-09,5.756634941681165e-09,2.9791394462463927e-08,-2.9798300826833213e-08,3.1938103550732677e-10,5.5541022003779975e-09,1.0830540758677278e-08,2.0254226412719222e-08,2.5611640648848353e-08,2.844299185067456e-08,164.79662621113783,1.0000000000000007,6.584575019362252e-07,4.0768573335349394e-06,1.0743578102182112e-05
IDG_20260410_140916_153_converted,rgb_pre,95x126x3,95x126x3,float64,float32,ok,3.880682919107925e-10,8.187323102815122e-09,1.4495630443200898e-08,2.6403233949201502e-08,2.956682595234295e-08,2.9798300826833213e-08,2.0707172761643314e-08,4.074438758593477e-08,4.6134873283465166e-08,5.339254341565047e-08,5.762768239481508e-08,5.9487917096471375e-08,2.9868183385716585e-08,5.877485287084607e-08,6.655515708324628e-08,7.702910798297011e-08,8.313914487228576e-08,8.582287067592911e-08,2.2894641031650157e-09,5.756634941681165e-09,2.9791394462463927e-08,-2.9798300826833213e-08,3.1938103550732677e-10,5.5541022003779975e-09,1.0830540758677278e-08,2.0254226412719222e-08,2.5611640648848353e-08,2.844299185067456e-08,164.79662621113783,1.0000000000000007,6.584575019362252e-07,4.0768573335349394e-06,1.0743578102182112e-05
IDG_20260410_140916_153_converted,log_e_film,95x126x3,95x126x3,float64,float32,ok,6.941064453758194e-08,1.758934506934651e-07,2.141393681043268e-07,2.923035380192339e-07,4.125552861008469e-07,8.206341326477684e-07,7.48641262676275e-08,2.192049836278517e-07,2.9365211074042444e-07,5.434552520598885e-07,2.5601800046033686e-06,5.24141740949387e-05,0.0,1.5839308510085057e-07,3.3229973105931164e-07,6.687708528352652e-07,1.7286940517811204e-06,4.65890357483409e-05,8.430217469085003e-08,1.0797481656190775e-07,8.206341326477684e-07,-7.027331569986472e-07,3.963492267722302e-08,9.860726326027527e-08,1.1745322787970464e-07,1.5638358914493715e-07,1.950581599743428e-07,2.7763126397850613e-07,147.93654628026408,0.9999999999995982,3.954606890926565e-06,2.8733904880417765e-05,9.565264939127686e-05
IDG_20260410_140916_153_converted,cmy_film,95x126x3,95x126x3,float64,float32,ok,4.3940733752967365e-08,1.3242691556114576e-07,1.6328084238015344e-07,2.2703763865039473e-07,3.026428874752797e-07,3.89214929619186e-07,1.9958404712356337e-07,6.460072318591415e-07,8.165191117824462e-07,1.2138353803867802e-06,1.8322027780364886e-06,5.077986724997379e-06,2.8793893198560035e-07,9.319911036526352e-07,1.1779881932456902e-06,1.7511949357860576e-06,2.643301717139262e-06,7.325902849231222e-06,5.8385682922061586e-08,7.829699277963284e-08,3.89214929619186e-07,-3.768143768123622e-07,3.159563503885021e-08,9.018547247885422e-08,1.091021091914612e-07,1.4592568912230567e-07,1.8964420544287467e-07,2.1585330678419723e-07,142.86717808309928,0.999999999999401,1.345685701253081e-05,3.4695551765556116e-05,9.682498123911918e-05
IDG_20260410_140916_153_converted,log_e_print,95x126x3,95x126x3,float64,float32,ok,2.711721330622696e-06,7.193267559923999e-06,9.825979628241789e-06,2.0576204778475184e-05,2.200871277805972e-05,2.2559361881335782e-05,5.331168065852773e-06,1.8204729010557844e-05,2.3030620861355564e-05,2.8925886651857815e-05,0.00014271110220691915,0.005902447832588319,3.3273157372690466e-06,2.1215461481239757e-05,2.65470476806921e-05,3.873216884759671e-05,0.00010852702875763127,0.002695827125622857,3.648054609986886e-06,5.289114785167565e-06,2.2559361881335782e-05,-2.183688776741244e-05,3.373672388895521e-06,6.367407882801324e-06,8.160063322126807e-06,1.5062957218264783e-05,1.559815751479556e-05,1.5858998715589934e-05,105.85202741010818,0.9999999988360004,0.0008087116761716499,0.0019513806573025086,0.005016504124439581
IDG_20260410_140916_153_converted,cmy_print,95x126x3,95x126x3,float64,float32,ok,2.209485857274096e-06,9.139963189830349e-06,1.2263882530250125e-05,1.963251744433455e-05,2.794411934285228e-05,4.175348496016085e-05,1.4008088401950273e-06,1.186863168222002e-05,2.5063217477316456e-05,3.664061615699336e-05,4.740531624354184e-05,5.46874271247111e-05,2.0209385405468335e-06,1.7122734659922035e-05,3.615903052504514e-05,5.286026384754132e-05,6.83897879066248e-05,7.889511303872909e-05,3.555299047314713e-06,5.599630566422146e-06,3.5149550970281496e-05,-4.175348496016085e-05,3.30809072002225e-06,8.297522674660663e-06,9.915709224395096e-06,1.360304031374325e-05,1.7092288497805213e-05,3.086711449551416e-05,115.20752003130929,0.9999999994862966,0.00020230992744485295,0.0014927518699357958,0.003747211221649318
IDG_20260410_140916_153_converted,rgb_out,95x126x3,95x126x3,float64,float32,ok,2.58694146711147e-06,9.549511836187689e-06,1.4114169397383405e-05,4.0298565824601094e-05,6.230248900814526e-05,8.595487500251409e-05,2.3891441187290005e-05,8.797300897313812e-05,0.00011460444955100901,0.00014046845418255266,0.0001737954226363553,0.0007011230335655208,3.4467646978310085e-05,0.00012691262459282505,0.0001653327680807402,0.00020263888480882906,0.00025071197328633264,0.00101186032976487,4.702348366246905e-06,8.528311482980924e-06,8.595487500251409e-05,-6.426439493945058e-05,1.4449262347726588e-06,6.20231019577977e-06,1.0529804912418061e-05,1.435673082232247e-05,1.6499594926528535e-05,2.6399973598878468e-05,101.38273892228477,0.999999985823619,0.0015287864492400471,0.004504254462587435,0.02290333236456267
IDG_20260410_140916_153_converted,materialized_rgb_out,95x126x3,95x126x3,float64,float32,ok,2.58694146711147e-06,9.549511836187689e-06,1.4114169397383405e-05,4.0298565824601094e-05,6.230248900814526e-05,8.595487500251409e-05,2.3891441187290005e-05,8.797300897313812e-05,0.00011460444955100901,0.00014046845418255266,0.0001737954226363553,0.0007011230335655208,3.4467646978310085e-05,0.00012691262459282505,0.0001653327680807402,0.00020263888480882906,0.00025071197328633264,0.00101186032976487,4.702348366246905e-06,8.528311482980924e-06,8.595487500251409e-05,-6.426439493945058e-05,1.4449262347726588e-06,6.20231019577977e-06,1.0529804912418061e-05,1.435673082232247e-05,1.6499594926528535e-05,2.6399973598878468e-05,101.38273892228477,0.999999985823619,0.0015287864492400471,0.004504254462587435,0.02290333236456267
IDG_20260410_140916_153_converted,export_png16_roundtrip,95x126x3,95x126x3,float32,float32,ok,0.0,1.52587890625e-05,1.52587890625e-05,4.57763671875e-05,6.103515625e-05,7.62939453125e-05,0.0,0.0001886763597918148,0.00021891083947496887,0.00031947475024388507,0.00039481116372227197,0.00040063491243740566,0.0,0.0002721767390988904,0.00031578697386798867,0.00046083093337616126,0.0005697044308245974,0.0005781096627831773,4.743002987910499e-06,1.0231142031940151e-05,7.62939453125e-05,-6.109476089477539e-05,2.142333984378464e-06,1.0913085937501454e-05,1.305541992180359e-05,1.7480468750052935e-05,2.388916015616871e-05,2.7432250976566763e-05,99.80151772558588,0.9999999643489087,0.001804635998978712,0.005556885105634672,0.02249033027516394
IMG_4897,rgb_in,95x126x3,95x126x3,float64,float32,ok,2.388661907160028e-10,4.645283047111093e-10,7.594794440915467e-10,1.6208043804311026e-09,2.521955759837714e-08,2.979826962956622e-08,1.927780172399004e-08,3.648834350870038e-08,4.28905475515412e-08,5.379026346497448e-08,5.732487990185924e-08,5.889651675479828e-08,2.7811960276566235e-08,5.2641510832018764e-08,6.187791550813051e-08,7.760289541442482e-08,8.270227098467733e-08,8.496966136114815e-08,3.781828920780226e-10,1.5141201270309346e-09,2.923899389273288e-08,-2.979826962956622e-08,1.7781845787490091e-10,4.034649662976175e-10,5.933516138492686e-10,1.3556007891213296e-09,2.0761295904669907e-08,2.756366790368503e-08,176.3967933495979,1.0000000000000024,9.763789158398818e-08,1.6987677923722386e-07,8.24043170332486e-06
IMG_4897,rgb_pre,95x126x3,95x126x3,float64,float32,ok,2.388661907160028e-10,4.645283047111093e-10,7.594794440915467e-10,1.6208043804311026e-09,2.521955759837714e-08,2.979826962956622e-08,1.927780172399004e-08,3.648834350870038e-08,4.28905475515412e-08,5.379026346497448e-08,5.732487990185924e-08,5.889651675479828e-08,2.7811960276566235e-08,5.2641510832018764e-08,6.187791550813051e-08,7.760289541442482e-08,8.270227098467733e-08,8.496966136114815e-08,3.781828920780226e-10,1.5141201270309346e-09,2.923899389273288e-08,-2.979826962956622e-08,1.7781845787490091e-10,4.034649662976175e-10,5.933516138492686e-10,1.3556007891213296e-09,2.0761295904669907e-08,2.756366790368503e-08,176.3967933495979,1.0000000000000024,9.763789158398818e-08,1.6987677923722386e-07,8.24043170332486e-06
IMG_4897,log_e_film,95x126x3,95x126x3,float64,float32,ok,6.827791071417622e-08,1.7706507282611028e-07,2.0738210675386137e-07,3.019938514814413e-07,4.094550192235147e-07,4.78519139424094e-07,5.928931054385989e-08,1.5565452580112373e-07,1.8889242819425614e-07,2.926045568216206e-07,5.861868306065935e-07,8.789015730607073e-05,0.0,0.0,0.0,0.0,5.912592533351002e-07,0.0001267919278712595,8.344568936320106e-08,1.0733621196926091e-07,3.826864213296588e-07,-4.78519139424094e-07,3.922899760588905e-08,9.475975231154626e-08,1.2002641858188667e-07,1.7493286907921402e-07,2.2043324898746164e-07,2.370554322839169e-07,160.65535733523473,0.9999999999999988,1.6071842578571017e-07,0.0,7.165951441926833e-05
IMG_4897,cmy_film,95x126x3,95x126x3,float64,float32,ok,3.555191804838209e-08,9.302113956888292e-08,1.1385479046083221e-07,1.6496832868834172e-07,2.459059006143516e-07,5.374629572507672e-07,2.6022026442742033e-07,6.559774630327838e-07,7.936607944798527e-07,1.0874829111398362e-06,1.4751038411785337e-06,2.1283103359889698e-06,3.7541844565170877e-07,9.463756922934682e-07,1.1450108841633538e-06,1.568906963972357e-06,2.1281262813689976e-06,3.070504971772444e-06,4.371566922339011e-08,5.7074449699765794e-08,5.374629572507672e-07,-2.960323630674111e-07,2.1632171137708767e-08,5.616976388178596e-08,6.711906824774516e-08,9.82927394477251e-08,1.4416712481188386e-07,3.497786147388382e-07,144.96354567627472,0.9999999999983058,1.4081679531403924e-05,3.129411269444897e-05,7.318174184224568e-05
IMG_4897,log_e_print,95x126x3,95x126x3,float64,float32,ok,2.3780660292072042e-06,6.268041597867757e-06,7.056164861507504e-06,1.771424716370588e-05,2.215272615777042e-05,2.2484378273013306e-05,3.659077480162889e-06,9.744578941363923e-06,1.0524612032203105e-05,2.5126194791448714e-05,4.014592827213962e-05,0.0008581124922967227,5.085791211631256e-06,1.3978188551940797e-05,1.5037590512021131e-05,3.5416715392864517e-05,4.05856475265421e-05,0.0012385247150893273,3.0874256135348957e-06,4.396976706382192e-06,2.2484378273013306e-05,-1.5046415028252547e-05,2.6053098981515532e-06,4.467481721892597e-06,4.760209542453706e-06,1.1755214557842528e-05,1.530907840342167e-05,1.5531166875359936e-05,107.16603589918194,0.9999999963447009,0.0013522317716598974,0.002076932254742554,0.00485142705929443
IMG_4897,cmy_print,95x126x3,95x126x3,float64,float32,ok,1.3234650002580395e-06,4.6060423060101385e-06,5.240053588795313e-06,1.0693453048165041e-05,2.0922108263601318e-05,2.9397495721283917e-05,5.910011606936893e-07,2.4609690258077946e-06,2.802051868090851e-06,8.504591168698331e-06,5.1518858970952415e-05,6.159043926834908e-05,8.526346911374519e-07,3.5504321591360917e-06,4.042511976449765e-06,1.2269479269962191e-05,7.432407296258e-05,8.885346730236644e-05,1.970834223317558e-06,3.0980678602756875e-06,2.9397495721283917e-05,-2.3900658862485713e-05,2.2467783582502676e-06,3.4426728237058057e-06,3.7353322830391265e-06,6.957075813769353e-06,1.5080892452494145e-05,2.0744935707472933e-05,125.86456147610214,0.9999999999944227,7.0588896777787765e-06,0.0,0.002357213510505005
IMG_4897,rgb_out,95x126x3,95x126x3,float64,float32,ok,2.249632990922873e-06,5.579113520418072e-06,7.417258685499251e-06,9.482763413561608e-06,4.329711758344068e-05,6.434449200543035e-05,4.0291255741082646e-05,8.946780412932682e-05,9.994760562916856e-05,0.00012835385118262026,0.00014684965163614265,0.00023872476582563853,5.812681161112018e-05,0.00012906896556102106,0.00014418668911726792,0.0001851635550332746,0.00021184368383389608,0.00034436588145776085,2.9307875959999537e-06,4.077067178332705e-06,6.434449200543035e-05,-5.6272112137323305e-05,1.40981977563015e-06,3.870800774477545e-06,3.965938118147272e-06,4.073156757188681e-06,1.1253100461350307e-05,1.4704563565781648e-05,107.79304265131579,0.9999999969630174,0.0008189587476572367,0.0014206949567254817,0.012255918737201436
IMG_4897,materialized_rgb_out,95x126x3,95x126x3,float64,float32,ok,2.249632990922873e-06,5.579113520418072e-06,7.417258685499251e-06,9.482763413561608e-06,4.329711758344068e-05,6.434449200543035e-05,4.0291255741082646e-05,8.946780412932682e-05,9.994760562916856e-05,0.00012835385118262026,0.00014684965163614265,0.00023872476582563853,5.812681161112018e-05,0.00012906896556102106,0.00014418668911726792,0.0001851635550332746,0.00021184368383389608,0.00034436588145776085,2.9307875959999537e-06,4.077067178332705e-06,6.434449200543035e-05,-5.6272112137323305e-05,1.40981977563015e-06,3.870800774477545e-06,3.965938118147272e-06,4.073156757188681e-06,1.1253100461350307e-05,1.4704563565781648e-05,107.79304265131579,0.9999999969630174,0.0008189587476572367,0.0014206949567254817,0.012255918737201436
IMG_4897,export_png16_roundtrip,95x126x3,95x126x3,float32,float32,ok,0.0,1.52587890625e-05,1.52587890625e-05,1.5266239643096924e-05,4.57763671875e-05,7.635354995727539e-05,0.0,0.0002147272261750811,0.00021992187189593917,0.0003407103161277674,0.0003867053008737091,0.0003996741718762868,0.0,0.000309752605788154,0.00031724526493559713,0.0004916247292485089,0.0005580055772536557,0.0005767230530088912,2.9817188277413207e-06,6.899235781121962e-06,7.635354995727539e-05,-4.57763671875e-05,0.0,1.0913085937494515e-05,1.0913085937501454e-05,1.415710449218649e-05,1.9543457031256928e-05,1.9543457031256928e-05,103.22398025604578,0.9999999652099093,0.0011075914925165393,0.00281769209447314,0.014307479555261644
IMG_4536,rgb_in,96x128x3,96x128x3,float64,float32,ok,3.0909604910311916e-10,2.428137442500596e-09,6.2934985528562114e-09,2.4284813937569538e-08,2.9527843170562562e-08,2.9799903544791562e-08,2.0551423109330403e-08,3.978257050030168e-08,4.5112965671095615e-08,5.268144055193381e-08,5.733433412937728e-08,5.917132687908993e-08,2.9647832325508734e-08,5.7392066447487417e-08,6.507454324357216e-08,7.598771384796389e-08,8.271586952920384e-08,8.536607324137626e-08,1.3823578481859833e-09,4.13956482402136e-09,2.9799903544791562e-08,-2.973180945886611e-08,2.469228450180383e-10,2.0584771664999835e-09,4.746635848262838e-09,1.5270266713329716e-08,2.6814989562140568e-08,2.7530940416298222e-08,167.66090624334402,1.0000000000000053,3.928391481687431e-07,2.1414626612736286e-06,1.0445613832349353e-05
IMG_4536,rgb_pre,96x128x3,96x128x3,float64,float32,ok,3.0909604910311916e-10,2.428137442500596e-09,6.2934985528562114e-09,2.4284813937569538e-08,2.9527843170562562e-08,2.9799903544791562e-08,2.0551423109330403e-08,3.978257050030168e-08,4.5112965671095615e-08,5.268144055193381e-08,5.733433412937728e-08,5.917132687908993e-08,2.9647832325508734e-08,5.7392066447487417e-08,6.507454324357216e-08,7.598771384796389e-08,8.271586952920384e-08,8.536607324137626e-08,1.3823578481859833e-09,4.13956482402136e-09,2.9799903544791562e-08,-2.973180945886611e-08,2.469228450180383e-10,2.0584771664999835e-09,4.746635848262838e-09,1.5270266713329716e-08,2.6814989562140568e-08,2.7530940416298222e-08,167.66090624334402,1.0000000000000053,3.928391481687431e-07,2.1414626612736286e-06,1.0445613832349353e-05
IMG_4536,log_e_film,96x128x3,96x128x3,float64,float32,ok,6.839369182110033e-08,1.7697368781544045e-07,2.1735155508184604e-07,3.0342510970671247e-07,3.9674447365967653e-07,6.928072595613344e-07,7.079545298697432e-08,2.351013915080096e-07,3.6574193083821767e-07,1.3702435868876632e-06,1.3555081693591519e-05,0.00048201469732204945,0.0,0.0,9.412814997336283e-08,7.560618444839774e-07,8.293205141536777e-06,0.00031007105287211503,8.401516094505153e-08,1.0802410278485659e-07,6.928072595613344e-07,-5.346246700899115e-07,3.849151433699127e-08,9.775154135027726e-08,1.174234014716946e-07,1.5583985160549892e-07,1.9914675986066102e-07,2.426878364936158e-07,152.68522331307932,0.9999999999999614,1.356139775660799e-06,9.069010585881088e-06,7.098917206759752e-05
IMG_4536,cmy_film,96x128x3,96x128x3,float64,float32,ok,3.5124481184700684e-08,1.20566995726046e-07,1.516465521461674e-07,2.1862474058553815e-07,3.0483086089039866e-07,4.316716593621983e-07,2.167629900151721e-07,6.76138575315974e-07,8.51087347604965e-07,1.2326376799383448e-06,1.753341061712013e-06,3.3785939394152374e-06,3.1272285541103226e-07,9.754615590758666e-07,1.2278596166882066e-06,1.7783210477221847e-06,2.529537732050403e-06,4.874267524883595e-06,5.1318095700354386e-08,7.137400298992458e-08,4.316716593621983e-07,-4.1431790864798757e-07,2.4143679180910205e-08,8.062929322677497e-08,9.56034034299557e-08,1.3729559420333476e-07,1.821110850713261e-07,2.0751943297092623e-07,143.38194319737272,0.9999999999998561,1.1718918379735417e-05,3.0973944119322025e-05,7.222059601211055e-05
IMG_4536,log_e_print,96x128x3,96x128x3,float64,float32,ok,2.7378001096756144e-06,8.754965809409935e-06,1.49718018372269e-05,2.1483130383970206e-05,2.203333312281986e-05,2.6437004170154488e-05,5.382926771607814e-06,2.3953724101040964e-05,3.0134259419314677e-05,0.00012849012462595583,0.001531519825913932,0.22682996214142995,6.238187101585212e-06,3.149973605464434e-05,3.932638018974005e-05,0.00011227079399731272,0.0010325001120761739,0.028002843301328947,4.155752014302799e-06,6.241994212810809e-06,2.2349227262630222e-05,-2.6437004170154488e-05,3.482160692847014e-06,7.673692617121697e-06,1.2180667219996442e-05,1.499480723271329e-05,1.5279300747691352e-05,1.9882882264232737e-05,104.17037266417815,0.999999998960602,0.0010490532626532924,0.0024026182092034,0.0048701089724447946
IMG_4536,cmy_print,96x128x3,96x128x3,float64,float32,ok,1.987638050593432e-06,1.138902258446262e-05,1.703235818217851e-05,2.425579701907266e-05,3.122221045726232e-05,7.074151868247114e-05,1.173697486961267e-06,1.1821442444660496e-05,1.768978800203974e-05,3.069948643138907e-05,4.896537495450314e-05,6.559729368556576e-05,1.69328852966293e-06,1.705469579611274e-05,2.552112697065146e-05,4.428931508875422e-05,7.06403657015772e-05,9.463999340036132e-05,3.949405849894688e-06,6.786389049249209e-06,3.594306059573338e-05,-7.074151868247114e-05,3.030211286336737e-06,1.0469830417547681e-05,1.4186631044932332e-05,2.0029387193691762e-05,2.8981259760104244e-05,5.357365059643904e-05,110.35183162837427,0.9999999993207632,0.00016284433541675632,0.001259115188422284,0.009518394914987812
IMG_4536,rgb_out,96x128x3,96x128x3,float64,float32,ok,2.7490320058699835e-06,9.128058761009863e-06,1.1880054851391703e-05,2.18943162272528e-05,4.384955809827607e-05,0.00015058226110442607,2.7753030138976628e-05,0.00011014860754698813,0.00012804128397764057,0.0001386750219860119,0.00018116898868728598,0.0010554526555233235,4.00391559499636e-05,0.00015890207320094348,0.00018471267369500757,0.00020005186707880933,0.00026134790379932823,0.0015218929151742705,4.119478147721129e-06,6.343229482616822e-06,6.81805716391537e-05,-0.00015058226110442607,9.55908449666587e-07,4.549289519978351e-06,6.6620764655994645e-06,1.1339812712680678e-05,1.5990857513914847e-05,1.9399341099068934e-05,103.95379153200224,0.9999999971747336,0.0013234768719814873,0.0027874114674401114,0.02222709827146936
IMG_4536,materialized_rgb_out,96x128x3,96x128x3,float64,float32,ok,2.7490320058699835e-06,9.128058761009863e-06,1.1880054851391703e-05,2.18943162272528e-05,4.384955809827607e-05,0.00015058226110442607,2.7753030138976628e-05,0.00011014860754698813,0.00012804128397764057,0.0001386750219860119,0.00018116898868728598,0.0010554526555233235,4.00391559499636e-05,0.00015890207320094348,0.00018471267369500757,0.00020005186707880933,0.00026134790379932823,0.0015218929151742705,4.119478147721129e-06,6.343229482616822e-06,6.81805716391537e-05,-0.00015058226110442607,9.55908449666587e-07,4.549289519978351e-06,6.6620764655994645e-06,1.1339812712680678e-05,1.5990857513914847e-05,1.9399341099068934e-05,103.95379153200224,0.9999999971747336,0.0013234768719814873,0.0027874114674401114,0.02222709827146936
IMG_4536,export_png16_roundtrip,96x128x3,96x128x3,float32,float32,ok,0.0,1.52587890625e-05,1.52587890625e-05,3.0517578125e-05,4.57763671875e-05,0.0001526474952697754,0.0,0.00021380901384559524,0.00021919874936838544,0.0003712916316303621,0.0003954286037412445,0.0011885713755102065,0.0,0.00030842818956626803,0.0003162022489563839,0.0005357599330690527,0.000570595560115793,0.0017137273422231061,4.169490845621719e-06,8.585797775744923e-06,7.62939453125e-05,-0.0001526474952697754,3.2440185546711575e-06,1.0913085937501454e-05,1.2014770507801087e-05,1.6299438476474748e-05,2.064514160157327e-05,2.509150505070057e-05,101.32438689647557,0.9999999874268108,0.0015453086552936997,0.003981311702413671,0.021313074872723888
